Name,Email,Username,Phone,Age,Address
Arnoldo,Janae_Lemke-Jast@gmail.com,Jeanie.Crist47,594-615-2435,54,Germany
Sigrid,Rachael.Heller@gmail.com,Hazel_Kozey-Ebert51,1-872-702-8837 x421,22,Maldives
Zoie,Robert.Nader@hotmail.com,Willis_King76,296.289.5652,87,Tunisia
Jeremy,Luciano71@hotmail.com,Adelbert31,279-795-3633 x979,87,"Virgin Islands, U.S."
Caden,Rachael2@hotmail.com,Mariela76,982.722.5698 x222,80,Dominican Republic
Luisa,Clotilde.Maggio73@hotmail.com,Clarabelle_Turcotte,(762) 547-0347 x050,96,Nicaragua
Mark,Litzy.Gleichner@hotmail.com,Allan_Dibbert,(600) 960-1874 x3081,90,Bosnia and Herzegovina
Reinhold,Stephania78@gmail.com,Guido_Johns8,644-848-1326 x988,54,Turks and Caicos Islands
Hattie,Abe85@hotmail.com,Kacie.Leannon,754-543-4534 x973,52,Solomon Islands
Caterina,Mose.Gleason@hotmail.com,Meggie96,1-456-297-8685,31,Madagascar
Matt,Johnny_Shanahan92@yahoo.com,Ozella_Mosciski32,937.245.8800 x62808,98,Tonga
Amie,Sydnie.Reichel85@gmail.com,Tremayne.Cruickshank65,(545) 677-2419,34,Yemen
Mekhi,Malinda79@gmail.com,Francisca.Stiedemann,546.771.3472,58,Cuba
Cassandre,Annamae_Roberts14@hotmail.com,Gene.Hoppe42,588-624-9316 x2257,96,Germany
Angie,Jake.Okuneva@hotmail.com,Emmy4,1-623-754-1608 x640,24,Tanzania
Flossie,Jazmin_Franecki-Nitzsche@yahoo.com,Cindy.Morissette51,1-496-723-0089,96,Cape Verde
Alexanne,Anthony.Hirthe@yahoo.com,Zackary84,660.268.0295,57,Argentina
Margret,Olaf.Mosciski51@hotmail.com,Herminio3,1-520-813-4513 x3421,68,Saint Helena
Emmie,Elaina53@hotmail.com,Antonio29,1-829-735-7423 x18995,87,Botswana
Howell,Soledad.Fahey64@hotmail.com,Viviane.Bogan,1-857-764-6251 x1842,20,Mayotte
